Squad,Pts,Season
Manchester Utd,82,1995/1996
Newcastle Utd,78,1995/1996
Liverpool,71,1995/1996
Aston Villa,63,1995/1996
Arsenal,63,1995/1996
Everton,61,1995/1996
Blackburn,61,1995/1996
Tottenham,61,1995/1996
Nott'ham Forest,58,1995/1996
West Ham,51,1995/1996
Chelsea,50,1995/1996
Middlesbrough,43,1995/1996
Leeds United,43,1995/1996
Wimbledon,41,1995/1996
Sheffield Weds,40,1995/1996
Coventry City,38,1995/1996
Southampton,38,1995/1996
Manchester City,38,1995/1996
QPR,33,1995/1996
Bolton,29,1995/1996
Manchester Utd,75,1996/1997
Newcastle Utd,68,1996/1997
Arsenal,68,1996/1997
Liverpool,68,1996/1997
Aston Villa,61,1996/1997
Chelsea,59,1996/1997
Sheffield Weds,57,1996/1997
Wimbledon,56,1996/1997
Leicester City,47,1996/1997
Tottenham,46,1996/1997
Leeds United,46,1996/1997
Derby County,46,1996/1997
Blackburn,42,1996/1997
West Ham,42,1996/1997
Everton,42,1996/1997
Southampton,41,1996/1997
Coventry City,41,1996/1997
Sunderland,40,1996/1997
Middlesbrough,39,1996/1997
Nott'ham Forest,34,1996/1997
Arsenal,78,1997/1998
Manchester Utd,77,1997/1998
Liverpool,65,1997/1998
Chelsea,63,1997/1998
Leeds United,59,1997/1998
Blackburn,58,1997/1998
Aston Villa,57,1997/1998
West Ham,56,1997/1998
Derby County,55,1997/1998
Leicester City,53,1997/1998
Coventry City,52,1997/1998
Southampton,48,1997/1998
Newcastle Utd,44,1997/1998
Tottenham,44,1997/1998
Wimbledon,44,1997/1998
Sheffield Weds,44,1997/1998
Everton,40,1997/1998
Bolton,40,1997/1998
Barnsley,35,1997/1998
Crystal Palace,33,1997/1998
Manchester Utd,79,1998/1999
Arsenal,78,1998/1999
Chelsea,75,1998/1999
Leeds United,67,1998/1999
West Ham,57,1998/1999
Aston Villa,55,1998/1999
Liverpool,54,1998/1999
Derby County,52,1998/1999
Middlesbrough,51,1998/1999
Leicester City,49,1998/1999
Tottenham,47,1998/1999
Sheffield Weds,46,1998/1999
Newcastle Utd,46,1998/1999
Everton,43,1998/1999
Coventry City,42,1998/1999
Wimbledon,42,1998/1999
Southampton,41,1998/1999
Charlton Ath,36,1998/1999
Blackburn,35,1998/1999
Nott'ham Forest,30,1998/1999
Manchester Utd,91,1999/2000
Arsenal,73,1999/2000
Leeds United,69,1999/2000
Liverpool,67,1999/2000
Chelsea,65,1999/2000
Aston Villa,58,1999/2000
Sunderland,58,1999/2000
Leicester City,55,1999/2000
West Ham,55,1999/2000
Tottenham,53,1999/2000
Newcastle Utd,52,1999/2000
Middlesbrough,52,1999/2000
Everton,50,1999/2000
Coventry City,44,1999/2000
Southampton,44,1999/2000
Derby County,38,1999/2000
Bradford City,36,1999/2000
Wimbledon,33,1999/2000
Sheffield Weds,31,1999/2000
Watford,24,1999/2000
Manchester Utd,80,2000/2001
Arsenal,70,2000/2001
Liverpool,69,2000/2001
Leeds United,68,2000/2001
Ipswich Town,66,2000/2001
Chelsea,61,2000/2001
Sunderland,57,2000/2001
Aston Villa,54,2000/2001
Charlton Ath,52,2000/2001
Southampton,52,2000/2001
Newcastle Utd,51,2000/2001
Tottenham,49,2000/2001
Leicester City,48,2000/2001
Middlesbrough,42,2000/2001
West Ham,42,2000/2001
Everton,42,2000/2001
Derby County,42,2000/2001
Manchester City,34,2000/2001
Coventry City,34,2000/2001
Bradford City,26,2000/2001
Arsenal,87,2001/2002
Liverpool,80,2001/2002
Manchester Utd,77,2001/2002
Newcastle Utd,71,2001/2002
Leeds United,66,2001/2002
Chelsea,64,2001/2002
West Ham,53,2001/2002
Aston Villa,50,2001/2002
Tottenham,50,2001/2002
Blackburn,46,2001/2002
Southampton,45,2001/2002
Middlesbrough,45,2001/2002
Fulham,44,2001/2002
Charlton Ath,44,2001/2002
Everton,43,2001/2002
Bolton,40,2001/2002
Sunderland,40,2001/2002
Ipswich Town,36,2001/2002
Derby County,30,2001/2002
Leicester City,28,2001/2002
Manchester Utd,83,2002/2003
Arsenal,78,2002/2003
Newcastle Utd,69,2002/2003
Chelsea,67,2002/2003
Liverpool,64,2002/2003
Blackburn,60,2002/2003
Everton,59,2002/2003
Southampton,52,2002/2003
Manchester City,51,2002/2003
Tottenham,50,2002/2003
Middlesbrough,49,2002/2003
Charlton Ath,49,2002/2003
Birmingham City,48,2002/2003
Fulham,48,2002/2003
Leeds United,47,2002/2003
Aston Villa,45,2002/2003
Bolton,44,2002/2003
West Ham,42,2002/2003
West Brom,26,2002/2003
Sunderland,19,2002/2003
Arsenal,90,2003/2004
Chelsea,79,2003/2004
Manchester Utd,75,2003/2004
Liverpool,60,2003/2004
Newcastle Utd,56,2003/2004
Aston Villa,56,2003/2004
Charlton Ath,53,2003/2004
Bolton,53,2003/2004
Fulham,52,2003/2004
Birmingham City,50,2003/2004
Middlesbrough,48,2003/2004
Southampton,47,2003/2004
Portsmouth,45,2003/2004
Tottenham,45,2003/2004
Blackburn,44,2003/2004
Manchester City,41,2003/2004
Everton,39,2003/2004
Leicester City,33,2003/2004
Leeds United,33,2003/2004
Wolves,33,2003/2004
Chelsea,95,2004/2005
Arsenal,83,2004/2005
Manchester Utd,77,2004/2005
Everton,61,2004/2005
Liverpool,58,2004/2005
Bolton,58,2004/2005
Middlesbrough,55,2004/2005
Manchester City,52,2004/2005
Tottenham,52,2004/2005
Aston Villa,47,2004/2005
Charlton Ath,46,2004/2005
Birmingham City,45,2004/2005
Fulham,44,2004/2005
Newcastle Utd,44,2004/2005
Blackburn,42,2004/2005
Portsmouth,39,2004/2005
West Brom,34,2004/2005
Crystal Palace,33,2004/2005
Norwich City,33,2004/2005
Southampton,32,2004/2005
Chelsea,91,2005/2006
Manchester Utd,83,2005/2006
Liverpool,82,2005/2006
Arsenal,67,2005/2006
Tottenham,65,2005/2006
Blackburn,63,2005/2006
Newcastle Utd,58,2005/2006
Bolton,56,2005/2006
West Ham,55,2005/2006
Wigan Athletic,51,2005/2006
Everton,50,2005/2006
Fulham,48,2005/2006
Charlton Ath,47,2005/2006
Middlesbrough,45,2005/2006
Manchester City,43,2005/2006
Aston Villa,42,2005/2006
Portsmouth,38,2005/2006
Birmingham City,34,2005/2006
West Brom,30,2005/2006
Sunderland,15,2005/2006
Manchester Utd,89,2006/2007
Chelsea,83,2006/2007
Liverpool,68,2006/2007
Arsenal,68,2006/2007
Tottenham,60,2006/2007
Everton,58,2006/2007
Bolton,56,2006/2007
Reading,55,2006/2007
Portsmouth,54,2006/2007
Blackburn,52,2006/2007
Aston Villa,50,2006/2007
Middlesbrough,46,2006/2007
Newcastle Utd,43,2006/2007
Manchester City,42,2006/2007
West Ham,41,2006/2007
Fulham,39,2006/2007
Wigan Athletic,38,2006/2007
Sheffield Utd,38,2006/2007
Charlton Ath,34,2006/2007
Watford,28,2006/2007
Manchester Utd,87,2007/2008
Chelsea,85,2007/2008
Arsenal,83,2007/2008
Liverpool,76,2007/2008
Everton,65,2007/2008
Aston Villa,60,2007/2008
Blackburn,58,2007/2008
Portsmouth,57,2007/2008
Manchester City,55,2007/2008
West Ham,49,2007/2008
Tottenham,46,2007/2008
Newcastle Utd,43,2007/2008
Middlesbrough,42,2007/2008
Wigan Athletic,40,2007/2008
Sunderland,39,2007/2008
Bolton,37,2007/2008
Fulham,36,2007/2008
Reading,36,2007/2008
Birmingham City,35,2007/2008
Derby County,11,2007/2008
Manchester Utd,90,2008/2009
Liverpool,86,2008/2009
Chelsea,83,2008/2009
Arsenal,72,2008/2009
Everton,63,2008/2009
Aston Villa,62,2008/2009
Fulham,53,2008/2009
Tottenham,51,2008/2009
West Ham,51,2008/2009
Manchester City,50,2008/2009
Wigan Athletic,45,2008/2009
Stoke City,45,2008/2009
Bolton,41,2008/2009
Portsmouth,41,2008/2009
Blackburn,41,2008/2009
Sunderland,36,2008/2009
Hull City,35,2008/2009
Newcastle Utd,34,2008/2009
Middlesbrough,32,2008/2009
West Brom,32,2008/2009
Chelsea,86,2009/2010
Manchester Utd,85,2009/2010
Arsenal,75,2009/2010
Tottenham,70,2009/2010
Manchester City,67,2009/2010
Aston Villa,64,2009/2010
Liverpool,63,2009/2010
Everton,61,2009/2010
Birmingham City,50,2009/2010
Blackburn,50,2009/2010
Stoke City,47,2009/2010
Fulham,46,2009/2010
Sunderland,44,2009/2010
Bolton,39,2009/2010
Wolves,38,2009/2010
Wigan Athletic,36,2009/2010
West Ham,35,2009/2010
Burnley,30,2009/2010
Hull City,30,2009/2010
Portsmouth,19,2009/2010
Manchester Utd,80,2010/2011
Chelsea,71,2010/2011
Manchester City,71,2010/2011
Arsenal,68,2010/2011
Tottenham,62,2010/2011
Liverpool,58,2010/2011
Everton,54,2010/2011
Fulham,49,2010/2011
Aston Villa,48,2010/2011
Sunderland,47,2010/2011
West Brom,47,2010/2011
Newcastle Utd,46,2010/2011
Stoke City,46,2010/2011
Bolton,46,2010/2011
Blackburn,43,2010/2011
Wigan Athletic,42,2010/2011
Wolves,40,2010/2011
Birmingham City,39,2010/2011
Blackpool,39,2010/2011
West Ham,33,2010/2011
Manchester City,89,2011/2012
Manchester Utd,89,2011/2012
Arsenal,70,2011/2012
Tottenham,69,2011/2012
Newcastle Utd,65,2011/2012
Chelsea,64,2011/2012
Everton,56,2011/2012
Liverpool,52,2011/2012
Fulham,52,2011/2012
West Brom,47,2011/2012
Swansea City,47,2011/2012
Norwich City,47,2011/2012
Sunderland,45,2011/2012
Stoke City,45,2011/2012
Wigan Athletic,43,2011/2012
Aston Villa,38,2011/2012
QPR,37,2011/2012
Bolton,36,2011/2012
Blackburn,31,2011/2012
Wolves,25,2011/2012
Manchester Utd,89,2012/2013
Manchester City,78,2012/2013
Chelsea,75,2012/2013
Arsenal,73,2012/2013
Tottenham,72,2012/2013
Everton,63,2012/2013
Liverpool,61,2012/2013
West Brom,49,2012/2013
Swansea City,46,2012/2013
West Ham,46,2012/2013
Norwich City,44,2012/2013
Fulham,43,2012/2013
Stoke City,42,2012/2013
Southampton,41,2012/2013
Aston Villa,41,2012/2013
Newcastle Utd,41,2012/2013
Sunderland,39,2012/2013
Wigan Athletic,36,2012/2013
Reading,28,2012/2013
QPR,25,2012/2013
Manchester City,86,2013/2014
Liverpool,84,2013/2014
Chelsea,82,2013/2014
Arsenal,79,2013/2014
Everton,72,2013/2014
Tottenham,69,2013/2014
Manchester Utd,64,2013/2014
Southampton,56,2013/2014
Stoke City,50,2013/2014
Newcastle Utd,49,2013/2014
Crystal Palace,45,2013/2014
Swansea City,42,2013/2014
West Ham,40,2013/2014
Sunderland,38,2013/2014
Aston Villa,38,2013/2014
Hull City,37,2013/2014
West Brom,36,2013/2014
Norwich City,33,2013/2014
Fulham,32,2013/2014
Cardiff City,30,2013/2014
Chelsea,87,2014/2015
Manchester City,79,2014/2015
Arsenal,75,2014/2015
Manchester Utd,70,2014/2015
Tottenham,64,2014/2015
Liverpool,62,2014/2015
Southampton,60,2014/2015
Swansea City,56,2014/2015
Stoke City,54,2014/2015
Crystal Palace,48,2014/2015
Everton,47,2014/2015
West Ham,47,2014/2015
West Brom,44,2014/2015
Leicester City,41,2014/2015
Newcastle Utd,39,2014/2015
Sunderland,38,2014/2015
Aston Villa,38,2014/2015
Hull City,35,2014/2015
Burnley,33,2014/2015
QPR,30,2014/2015
Leicester City,81,2015/2016
Arsenal,71,2015/2016
Tottenham,70,2015/2016
Manchester City,66,2015/2016
Manchester Utd,66,2015/2016
Southampton,63,2015/2016
West Ham,62,2015/2016
Liverpool,60,2015/2016
Stoke City,51,2015/2016
Chelsea,50,2015/2016
Everton,47,2015/2016
Swansea City,47,2015/2016
Watford,45,2015/2016
West Brom,43,2015/2016
Crystal Palace,42,2015/2016
Bournemouth,42,2015/2016
Sunderland,39,2015/2016
Newcastle Utd,37,2015/2016
Norwich City,34,2015/2016
Aston Villa,17,2015/2016
Chelsea,93,2016/2017
Tottenham,86,2016/2017
Manchester City,78,2016/2017
Liverpool,76,2016/2017
Arsenal,75,2016/2017
Manchester Utd,69,2016/2017
Everton,61,2016/2017
Southampton,46,2016/2017
Bournemouth,46,2016/2017
West Brom,45,2016/2017
West Ham,45,2016/2017
Leicester City,44,2016/2017
Stoke City,44,2016/2017
Crystal Palace,41,2016/2017
Swansea City,41,2016/2017
Burnley,40,2016/2017
Watford,40,2016/2017
Hull City,34,2016/2017
Middlesbrough,28,2016/2017
Sunderland,24,2016/2017
Manchester City,100,2017/2018
Manchester Utd,81,2017/2018
Tottenham,77,2017/2018
Liverpool,75,2017/2018
Chelsea,70,2017/2018
Arsenal,63,2017/2018
Burnley,54,2017/2018
Everton,49,2017/2018
Leicester City,47,2017/2018
Newcastle Utd,44,2017/2018
Crystal Palace,44,2017/2018
Bournemouth,44,2017/2018
West Ham,42,2017/2018
Watford,41,2017/2018
Brighton,40,2017/2018
Huddersfield,37,2017/2018
Southampton,36,2017/2018
Swansea City,33,2017/2018
Stoke City,33,2017/2018
West Brom,31,2017/2018
Manchester City,98,2018/2019
Liverpool,97,2018/2019
Chelsea,72,2018/2019
Tottenham,71,2018/2019
Arsenal,70,2018/2019
Manchester Utd,66,2018/2019
Wolves,57,2018/2019
Everton,54,2018/2019
Leicester City,52,2018/2019
West Ham,52,2018/2019
Watford,50,2018/2019
Crystal Palace,49,2018/2019
Newcastle Utd,45,2018/2019
Bournemouth,45,2018/2019
Burnley,40,2018/2019
Southampton,39,2018/2019
Brighton,36,2018/2019
Cardiff City,34,2018/2019
Fulham,26,2018/2019
Huddersfield,16,2018/2019
Liverpool,99,2019/2020
Manchester City,81,2019/2020
Manchester Utd,66,2019/2020
Chelsea,66,2019/2020
Leicester City,62,2019/2020
Tottenham,59,2019/2020
Wolves,59,2019/2020
Arsenal,56,2019/2020
Sheffield Utd,54,2019/2020
Burnley,54,2019/2020
Southampton,52,2019/2020
Everton,49,2019/2020
Newcastle Utd,44,2019/2020
Crystal Palace,43,2019/2020
Brighton,41,2019/2020
West Ham,39,2019/2020
Aston Villa,35,2019/2020
Bournemouth,34,2019/2020
Watford,34,2019/2020
Norwich City,21,2019/2020
Manchester City,86,2020/2021
Manchester Utd,74,2020/2021
Liverpool,69,2020/2021
Chelsea,67,2020/2021
Leicester City,66,2020/2021
West Ham,65,2020/2021
Tottenham,62,2020/2021
Arsenal,61,2020/2021
Leeds United,59,2020/2021
Everton,59,2020/2021
Aston Villa,55,2020/2021
Newcastle Utd,45,2020/2021
Wolves,45,2020/2021
Crystal Palace,44,2020/2021
Southampton,43,2020/2021
Brighton,41,2020/2021
Burnley,39,2020/2021
Fulham,28,2020/2021
West Brom,26,2020/2021
Sheffield Utd,23,2020/2021
Manchester City,93,2021/2022
Liverpool,92,2021/2022
Chelsea,74,2021/2022
Tottenham,71,2021/2022
Arsenal,69,2021/2022
Manchester Utd,58,2021/2022
West Ham,56,2021/2022
Leicester City,52,2021/2022
Brighton,51,2021/2022
Wolves,51,2021/2022
Newcastle Utd,49,2021/2022
Crystal Palace,48,2021/2022
Brentford,46,2021/2022
Aston Villa,45,2021/2022
Southampton,40,2021/2022
Everton,39,2021/2022
Leeds United,38,2021/2022
Burnley,35,2021/2022
Watford,23,2021/2022
Norwich City,22,2021/2022
Atlético Madrid,87,1995/1996
Valencia,83,1995/1996
Barcelona,80,1995/1996
Espanyol,74,1995/1996
Tenerife,72,1995/1996
Real Madrid,70,1995/1996
Real Sociedad,63,1995/1996
Real Betis,62,1995/1996
Deportivo La Coruña,61,1995/1996
Compostela,59,1995/1996
Celta Vigo,52,1995/1996
Sevilla,48,1995/1996
Zaragoza,48,1995/1996
Oviedo,48,1995/1996
Athletic Club,48,1995/1996
Valladolid,47,1995/1996
Racing Sant,47,1995/1996
Sporting Gijón,46,1995/1996
Rayo Vallecano,44,1995/1996
Albacete,42,1995/1996
Mérida,42,1995/1996
Salamanca,33,1995/1996
Real Madrid,92,1996/1997
Barcelona,90,1996/1997
Deportivo La Coruña,77,1996/1997
Real Betis,77,1996/1997
Atlético Madrid,71,1996/1997
Athletic Club,64,1996/1997
Valladolid,64,1996/1997
Real Sociedad,63,1996/1997
Tenerife,56,1996/1997
Valencia,56,1996/1997
Compostela,53,1996/1997
Espanyol,51,1996/1997
Racing Sant,50,1996/1997
Zaragoza,50,1996/1997
Sporting Gijón,50,1996/1997
Celta Vigo,49,1996/1997
Oviedo,48,1996/1997
Rayo Vallecano,45,1996/1997
Extremadura,44,1996/1997
Sevilla,43,1996/1997
Hércules,41,1996/1997
Logroñés,33,1996/1997
Barcelona,74,1997/1998
Athletic Club,65,1997/1998
Real Sociedad,63,1997/1998
Real Madrid,63,1997/1998
Mallorca,60,1997/1998
Celta Vigo,60,1997/1998
Atlético Madrid,60,1997/1998
Real Betis,59,1997/1998
Valencia,55,1997/1998
Espanyol,53,1997/1998
Valladolid,50,1997/1998
Deportivo La Coruña,49,1997/1998
Zaragoza,48,1997/1998
Racing Sant,45,1997/1998
Salamanca,45,1997/1998
Tenerife,45,1997/1998
Compostela,44,1997/1998
Oviedo,40,1997/1998
Mérida,39,1997/1998
Sporting Gijón,13,1997/1998
Barcelona,79,1998/1999
Real Madrid,68,1998/1999
Mallorca,66,1998/1999
Valencia,65,1998/1999
Celta Vigo,64,1998/1999
Deportivo La Coruña,63,1998/1999
Espanyol,61,1998/1999
Athletic Club,60,1998/1999
Zaragoza,57,1998/1999
Real Sociedad,54,1998/1999
Real Betis,49,1998/1999
Valladolid,48,1998/1999
Atlético Madrid,46,1998/1999
Oviedo,45,1998/1999
Racing Sant,42,1998/1999
Alavés,40,1998/1999
Extremadura,39,1998/1999
Villarreal,36,1998/1999
Tenerife,34,1998/1999
Salamanca,27,1998/1999
La Coruña,69,1999/2000
Barcelona,64,1999/2000
Valencia,64,1999/2000
Zaragoza,63,1999/2000
Real Madrid,62,1999/2000
Alavés,61,1999/2000
Celta Vigo,53,1999/2000
Valladolid,53,1999/2000
Rayo Vallecano,52,1999/2000
Mallorca,51,1999/2000
Athletic Club,50,1999/2000
Málaga,48,1999/2000
Real Sociedad,47,1999/2000
Espanyol,47,1999/2000
Racing Sant,46,1999/2000
Oviedo,45,1999/2000
Numancia,45,1999/2000
Betis,42,1999/2000
Atlético Madrid,38,1999/2000
Sevilla,28,1999/2000
Real Madrid,80,2000/2001
La Coruña,73,2000/2001
Mallorca,71,2000/2001
Barcelona,63,2000/2001
Valencia,63,2000/2001
Celta Vigo,59,2000/2001
Villarreal,57,2000/2001
Málaga,56,2000/2001
Espanyol,50,2000/2001
Alavés,49,2000/2001
Las Palmas,46,2000/2001
Athletic Club,43,2000/2001
Real Sociedad,43,2000/2001
Rayo Vallecano,43,2000/2001
Osasuna,42,2000/2001
Valladolid,42,2000/2001
Zaragoza,42,2000/2001
Oviedo,41,2000/2001
Racing Sant,39,2000/2001
Numancia,39,2000/2001
Valencia,75,2001/2002
La Coruña,68,2001/2002
Real Madrid,66,2001/2002
Barcelona,64,2001/2002
Celta Vigo,60,2001/2002
Betis,59,2001/2002
Alavés,54,2001/2002
Sevilla,53,2001/2002
Athletic Club,53,2001/2002
Málaga,53,2001/2002
Rayo Vallecano,49,2001/2002
Valladolid,48,2001/2002
Real Sociedad,47,2001/2002
Espanyol,47,2001/2002
Villarreal,43,2001/2002
Mallorca,43,2001/2002
Osasuna,42,2001/2002
Las Palmas,40,2001/2002
Tenerife,38,2001/2002
Zaragoza,37,2001/2002
Real Madrid,78,2002/2003
Real Sociedad,76,2002/2003
La Coruña,72,2002/2003
Celta Vigo,61,2002/2003
Valencia,60,2002/2003
Barcelona,56,2002/2003
Athletic Club,55,2002/2003
Betis,54,2002/2003
Mallorca,52,2002/2003
Sevilla,50,2002/2003
Osasuna,47,2002/2003
Atlético Madrid,47,2002/2003
Málaga,46,2002/2003
Valladolid,46,2002/2003
Villarreal,45,2002/2003
Racing Sant,44,2002/2003
Espanyol,43,2002/2003
Recreativo,36,2002/2003
Alavés,35,2002/2003
Rayo Vallecano,32,2002/2003
Valencia,77,2003/2004
Barcelona,72,2003/2004
La Coruña,71,2003/2004
Real Madrid,70,2003/2004
Athletic Club,56,2003/2004
Sevilla,55,2003/2004
Atlético Madrid,55,2003/2004
Villarreal,54,2003/2004
Betis,52,2003/2004
Málaga,51,2003/2004
Mallorca,51,2003/2004
Zaragoza,48,2003/2004
Osasuna,48,2003/2004
Albacete,47,2003/2004
Real Sociedad,46,2003/2004
Espanyol,43,2003/2004
Racing Sant,43,2003/2004
Valladolid,41,2003/2004
Celta Vigo,39,2003/2004
Real Murcia,26,2003/2004
Barcelona,84,2004/2005
Real Madrid,80,2004/2005
Villarreal,65,2004/2005
Betis,62,2004/2005
Espanyol,61,2004/2005
Sevilla,60,2004/2005
Valencia,58,2004/2005
Athletic Club,51,2004/2005
La Coruña,51,2004/2005
Málaga,51,2004/2005
Atlético Madrid,50,2004/2005
Zaragoza,50,2004/2005
Getafe,47,2004/2005
Real Sociedad,47,2004/2005
Osasuna,46,2004/2005
Racing Sant,44,2004/2005
Mallorca,39,2004/2005
Levante,37,2004/2005
Numancia,29,2004/2005
Albacete,28,2004/2005
Barcelona,82,2005/2006
Real Madrid,70,2005/2006
Valencia,69,2005/2006
Osasuna,68,2005/2006
Sevilla,68,2005/2006
Celta Vigo,64,2005/2006
Villarreal,57,2005/2006
La Coruña,55,2005/2006
Getafe,54,2005/2006
Atlético Madrid,52,2005/2006
Zaragoza,46,2005/2006
Athletic Club,45,2005/2006
Mallorca,43,2005/2006
Betis,42,2005/2006
Espanyol,41,2005/2006
Real Sociedad,40,2005/2006
Racing Sant,40,2005/2006
Alavés,39,2005/2006
Cádiz,36,2005/2006
Málaga,24,2005/2006
Real Madrid,76,2006/2007
Barcelona,76,2006/2007
Sevilla,71,2006/2007
Valencia,66,2006/2007
Villarreal,62,2006/2007
Zaragoza,60,2006/2007
Atlético Madrid,60,2006/2007
Recreativo,54,2006/2007
Getafe,52,2006/2007
Racing Sant,50,2006/2007
Espanyol,49,2006/2007
Mallorca,49,2006/2007
La Coruña,47,2006/2007
Osasuna,46,2006/2007
Levante,42,2006/2007
Betis,40,2006/2007
Athletic Club,40,2006/2007
Celta Vigo,39,2006/2007
Real Sociedad,35,2006/2007
Gimnàstic,28,2006/2007
Real Madrid,85,2007/2008
Villarreal,77,2007/2008
Barcelona,67,2007/2008
Atlético Madrid,64,2007/2008
Sevilla,64,2007/2008
Racing Sant,60,2007/2008
Mallorca,59,2007/2008
Almería,52,2007/2008
La Coruña,52,2007/2008
Valencia,51,2007/2008
Athletic Club,50,2007/2008
Espanyol,48,2007/2008
Betis,47,2007/2008
Getafe,47,2007/2008
Valladolid,45,2007/2008
Recreativo,44,2007/2008
Osasuna,43,2007/2008
Zaragoza,42,2007/2008
Real Murcia,30,2007/2008
Levante,26,2007/2008
Barcelona,87,2008/2009
Real Madrid,78,2008/2009
Sevilla,70,2008/2009
Atlético Madrid,67,2008/2009
Villarreal,65,2008/2009
Valencia,62,2008/2009
La Coruña,58,2008/2009
Málaga,55,2008/2009
Mallorca,51,2008/2009
Espanyol,47,2008/2009
Almería,46,2008/2009
Racing Sant,46,2008/2009
Athletic Club,44,2008/2009
Sporting Gijón,43,2008/2009
Osasuna,43,2008/2009
Valladolid,43,2008/2009
Getafe,42,2008/2009
Betis,42,2008/2009
Numancia,35,2008/2009
Recreativo,33,2008/2009
Barcelona,99,2009/2010
Real Madrid,96,2009/2010
Valencia,71,2009/2010
Sevilla,63,2009/2010
Mallorca,62,2009/2010
Getafe,58,2009/2010
Villarreal,56,2009/2010
Athletic Club,54,2009/2010
Atlético Madrid,47,2009/2010
La Coruña,47,2009/2010
Espanyol,44,2009/2010
Osasuna,43,2009/2010
Almería,42,2009/2010
Zaragoza,41,2009/2010
Sporting Gijón,40,2009/2010
Racing Sant,39,2009/2010
Málaga,37,2009/2010
Valladolid,36,2009/2010
Tenerife,36,2009/2010
Xerez,34,2009/2010
Barcelona,96,2010/2011
Real Madrid,92,2010/2011
Valencia,71,2010/2011
Villarreal,62,2010/2011
Sevilla,58,2010/2011
Athletic Club,58,2010/2011
Atlético Madrid,58,2010/2011
Espanyol,49,2010/2011
Osasuna,47,2010/2011
Sporting Gijón,47,2010/2011
Málaga,46,2010/2011
Racing Sant,46,2010/2011
Zaragoza,45,2010/2011
Levante,45,2010/2011
Real Sociedad,45,2010/2011
Getafe,44,2010/2011
Mallorca,44,2010/2011
La Coruña,43,2010/2011
Hércules,35,2010/2011
Almería,30,2010/2011
Real Madrid,100,2011/2012
Barcelona,91,2011/2012
Valencia,61,2011/2012
Málaga,58,2011/2012
Atlético Madrid,56,2011/2012
Levante,55,2011/2012
Osasuna,54,2011/2012
Mallorca,52,2011/2012
Sevilla,50,2011/2012
Athletic Club,49,2011/2012
Getafe,47,2011/2012
Real Sociedad,47,2011/2012
Betis,47,2011/2012
Espanyol,46,2011/2012
Rayo Vallecano,43,2011/2012
Zaragoza,43,2011/2012
Granada,42,2011/2012
Villarreal,41,2011/2012
Sporting Gijón,37,2011/2012
Racing Sant,27,2011/2012
Barcelona,100,2012/2013
Real Madrid,85,2012/2013
Atlético Madrid,76,2012/2013
Real Sociedad,66,2012/2013
Valencia,65,2012/2013
Málaga,57,2012/2013
Betis,56,2012/2013
Rayo Vallecano,53,2012/2013
Sevilla,50,2012/2013
Getafe,47,2012/2013
Levante,46,2012/2013
Athletic Club,45,2012/2013
Espanyol,44,2012/2013
Valladolid,43,2012/2013
Granada,42,2012/2013
Osasuna,39,2012/2013
Celta Vigo,37,2012/2013
Mallorca,36,2012/2013
La Coruña,35,2012/2013
Zaragoza,34,2012/2013
Atlético Madrid,90,2013/2014
Barcelona,87,2013/2014
Real Madrid,87,2013/2014
Athletic Club,70,2013/2014
Sevilla,63,2013/2014
Villarreal,59,2013/2014
Real Sociedad,59,2013/2014
Valencia,49,2013/2014
Celta Vigo,49,2013/2014
Levante,48,2013/2014
Málaga,45,2013/2014
Rayo Vallecano,43,2013/2014
Getafe,42,2013/2014
Espanyol,42,2013/2014
Granada,41,2013/2014
Elche,40,2013/2014
Almería,40,2013/2014
Osasuna,39,2013/2014
Valladolid,36,2013/2014
Betis,25,2013/2014
Barcelona,94,2014/2015
Real Madrid,92,2014/2015
Atlético Madrid,78,2014/2015
Valencia,77,2014/2015
Sevilla,76,2014/2015
Villarreal,60,2014/2015
Athletic Club,55,2014/2015
Celta Vigo,51,2014/2015
Málaga,50,2014/2015
Espanyol,49,2014/2015
Rayo Vallecano,49,2014/2015
Real Sociedad,46,2014/2015
Elche,41,2014/2015
Levante,37,2014/2015
Getafe,37,2014/2015
La Coruña,35,2014/2015
Granada,35,2014/2015
Eibar,35,2014/2015
Almería,29,2014/2015
Córdoba,20,2014/2015
Barcelona,91,2015/2016
Real Madrid,90,2015/2016
Atlético Madrid,88,2015/2016
Villarreal,64,2015/2016
Athletic Club,62,2015/2016
Celta Vigo,60,2015/2016
Sevilla,52,2015/2016
Málaga,48,2015/2016
Real Sociedad,48,2015/2016
Betis,45,2015/2016
Las Palmas,44,2015/2016
Valencia,44,2015/2016
Espanyol,43,2015/2016
Eibar,43,2015/2016
La Coruña,42,2015/2016
Granada,39,2015/2016
Sporting Gijón,39,2015/2016
Rayo Vallecano,38,2015/2016
Getafe,36,2015/2016
Levante,32,2015/2016
Real Madrid,93,2016/2017
Barcelona,90,2016/2017
Atlético Madrid,78,2016/2017
Sevilla,72,2016/2017
Villarreal,67,2016/2017
Real Sociedad,64,2016/2017
Athletic Club,63,2016/2017
Espanyol,56,2016/2017
Alavés,55,2016/2017
Eibar,54,2016/2017
Málaga,46,2016/2017
Valencia,46,2016/2017
Celta Vigo,45,2016/2017
Las Palmas,39,2016/2017
Betis,39,2016/2017
La Coruña,36,2016/2017
Leganés,35,2016/2017
Sporting Gijón,31,2016/2017
Osasuna,22,2016/2017
Granada,20,2016/2017
Barcelona,93,2017/2018
Atlético Madrid,79,2017/2018
Real Madrid,76,2017/2018
Valencia,73,2017/2018
Villarreal,61,2017/2018
Betis,60,2017/2018
Sevilla,58,2017/2018
Getafe,55,2017/2018
Eibar,51,2017/2018
Girona,51,2017/2018
Espanyol,49,2017/2018
Real Sociedad,49,2017/2018
Celta Vigo,49,2017/2018
Alavés,47,2017/2018
Levante,46,2017/2018
Athletic Club,43,2017/2018
Leganés,43,2017/2018
La Coruña,29,2017/2018
Las Palmas,22,2017/2018
Málaga,20,2017/2018
Barcelona,87,2018/2019
Atlético Madrid,76,2018/2019
Real Madrid,68,2018/2019
Valencia,61,2018/2019
Getafe,59,2018/2019
Sevilla,59,2018/2019
Espanyol,53,2018/2019
Athletic Club,53,2018/2019
Real Sociedad,50,2018/2019
Betis,50,2018/2019
Alavés,50,2018/2019
Eibar,47,2018/2019
Leganés,45,2018/2019
Villarreal,44,2018/2019
Levante,44,2018/2019
Valladolid,41,2018/2019
Celta Vigo,41,2018/2019
Girona,37,2018/2019
Huesca,33,2018/2019
Rayo Vallecano,32,2018/2019
Real Madrid,87,2019/2020
Barcelona,82,2019/2020
Atlético Madrid,70,2019/2020
Sevilla,70,2019/2020
Villarreal,60,2019/2020
Real Sociedad,56,2019/2020
Granada,56,2019/2020
Getafe,54,2019/2020
Valencia,53,2019/2020
Osasuna,52,2019/2020
Athletic Club,51,2019/2020
Levante,49,2019/2020
Valladolid,42,2019/2020
Eibar,42,2019/2020
Betis,41,2019/2020
Alavés,39,2019/2020
Celta Vigo,37,2019/2020
Leganés,36,2019/2020
Mallorca,33,2019/2020
Espanyol,25,2019/2020
Atlético Madrid,86,2020/2021
Real Madrid,84,2020/2021
Barcelona,79,2020/2021
Sevilla,77,2020/2021
Real Sociedad,62,2020/2021
Betis,61,2020/2021
Villarreal,58,2020/2021
Celta Vigo,53,2020/2021
Granada,46,2020/2021
Athletic Club,46,2020/2021
Osasuna,44,2020/2021
Cádiz,44,2020/2021
Valencia,43,2020/2021
Levante,41,2020/2021
Getafe,38,2020/2021
Alavés,38,2020/2021
Elche,36,2020/2021
Huesca,34,2020/2021
Valladolid,31,2020/2021
Eibar,30,2020/2021
Real Madrid,86,2021/2022
Barcelona,73,2021/2022
Atlético Madrid,71,2021/2022
Sevilla,70,2021/2022
Betis,65,2021/2022
Real Sociedad,62,2021/2022
Villarreal,59,2021/2022
Athletic Club,55,2021/2022
Valencia,48,2021/2022
Osasuna,47,2021/2022
Celta Vigo,46,2021/2022
Rayo Vallecano,42,2021/2022
Elche,42,2021/2022
Espanyol,42,2021/2022
Getafe,39,2021/2022
Mallorca,39,2021/2022
Cádiz,39,2021/2022
Granada,38,2021/2022
Levante,35,2021/2022
Alavés,31,2021/2022
Milan,73,1995/1996
Juventus,65,1995/1996
Lazio,59,1995/1996
Fiorentina,59,1995/1996
Roma,58,1995/1996
Parma,58,1995/1996
Internazionale,54,1995/1996
Sampdoria,52,1995/1996
Vicenza,49,1995/1996
Cagliari,41,1995/1996
Udinese,41,1995/1996
Napoli,41,1995/1996
Atalanta,39,1995/1996
Piacenza,37,1995/1996
Bari,32,1995/1996
Torino,29,1995/1996
Cremonese,27,1995/1996
Padova,24,1995/1996
Juventus,65,1996/1997
Parma,63,1996/1997
Internazionale,59,1996/1997
Lazio,55,1996/1997
Udinese,54,1996/1997
Sampdoria,53,1996/1997
Bologna,49,1996/1997
Vicenza,47,1996/1997
Fiorentina,45,1996/1997
Atalanta,44,1996/1997
Milan,43,1996/1997
Roma,41,1996/1997
Napoli,41,1996/1997
Piacenza,37,1996/1997
Cagliari,37,1996/1997
Perugia,37,1996/1997
Hellas Verona,27,1996/1997
Reggiana,19,1996/1997
Juventus,74,1997/1998
Internazionale,69,1997/1998
Udinese,64,1997/1998
Roma,59,1997/1998
Fiorentina,57,1997/1998
Parma,57,1997/1998
Lazio,56,1997/1998
Bologna,48,1997/1998
Sampdoria,48,1997/1998
Milan,44,1997/1998
Bari,38,1997/1998
Empoli,37,1997/1998
Piacenza,37,1997/1998
Vicenza,36,1997/1998
Brescia,35,1997/1998
Atalanta,32,1997/1998
Lecce,26,1997/1998
Napoli,14,1997/1998
Milan,70,1998/1999
Lazio,69,1998/1999
Fiorentina,56,1998/1999
Parma,55,1998/1999
Roma,54,1998/1999
Udinese,54,1998/1999
Juventus,54,1998/1999
Inter,46,1998/1999
Bologna,44,1998/1999
Bari,42,1998/1999
Venezia,42,1998/1999
Piacenza,41,1998/1999
Cagliari,41,1998/1999
Perugia,39,1998/1999
Salernitana,38,1998/1999
Sampdoria,37,1998/1999
Vicenza,33,1998/1999
Empoli,20,1998/1999
Lazio,72,1999/2000
Juventus,71,1999/2000
Milan,61,1999/2000
Inter,58,1999/2000
Parma,58,1999/2000
Roma,54,1999/2000
Fiorentina,51,1999/2000
Udinese,50,1999/2000
Hellas Verona,43,1999/2000
Perugia,42,1999/2000
Bologna,40,1999/2000
Reggina,40,1999/2000
Lecce,40,1999/2000
Bari,39,1999/2000
Torino,36,1999/2000
Venezia,26,1999/2000
Cagliari,22,1999/2000
Piacenza,21,1999/2000
Roma,75,2000/2001
Juventus,73,2000/2001
Lazio,69,2000/2001
Parma,56,2000/2001
Inter,51,2000/2001
Milan,49,2000/2001
Atalanta,44,2000/2001
Brescia,44,2000/2001
Fiorentina,43,2000/2001
Bologna,43,2000/2001
Perugia,42,2000/2001
Udinese,38,2000/2001
Lecce,37,2000/2001
Hellas Verona,37,2000/2001
Reggina,37,2000/2001
Vicenza,36,2000/2001
Napoli,36,2000/2001
Bari,20,2000/2001
Juventus,71,2001/2002
Roma,70,2001/2002
Inter,69,2001/2002
Milan,55,2001/2002
Chievo,54,2001/2002
Lazio,53,2001/2002
Bologna,52,2001/2002
Perugia,46,2001/2002
Atalanta,45,2001/2002
Parma,44,2001/2002
Torino,43,2001/2002
Piacenza,42,2001/2002
Brescia,40,2001/2002
Udinese,40,2001/2002
Hellas Verona,39,2001/2002
Lecce,28,2001/2002
Fiorentina,22,2001/2002
Venezia,18,2001/2002
Juventus,72,2002/2003
Inter,65,2002/2003
Milan,61,2002/2003
Lazio,60,2002/2003
Parma,56,2002/2003
Udinese,56,2002/2003
Chievo,55,2002/2003
Roma,49,2002/2003
Brescia,42,2002/2003
Perugia,42,2002/2003
Bologna,41,2002/2003
Modena,38,2002/2003
Empoli,38,2002/2003
Reggina,38,2002/2003
Atalanta,38,2002/2003
Piacenza,30,2002/2003
Como,24,2002/2003
Torino,21,2002/2003
Milan,82,2003/2004
Roma,71,2003/2004
Juventus,69,2003/2004
Inter,59,2003/2004
Parma,58,2003/2004
Lazio,56,2003/2004
Udinese,50,2003/2004
Sampdoria,46,2003/2004
Chievo,44,2003/2004
Lecce,41,2003/2004
Brescia,40,2003/2004
Bologna,39,2003/2004
Reggina,34,2003/2004
Siena,34,2003/2004
Perugia,32,2003/2004
Modena,30,2003/2004
Empoli,30,2003/2004
Ancona,13,2003/2004
Juventus,86,2004/2005
Milan,79,2004/2005
Inter,72,2004/2005
Udinese,62,2004/2005
Sampdoria,61,2004/2005
Palermo,53,2004/2005
Messina,48,2004/2005
Roma,45,2004/2005
Livorno,45,2004/2005
Reggina,44,2004/2005
Lecce,44,2004/2005
Cagliari,44,2004/2005
Lazio,44,2004/2005
Siena,43,2004/2005
Chievo,43,2004/2005
Fiorentina,42,2004/2005
Parma,42,2004/2005
Bologna,42,2004/2005
Brescia,41,2004/2005
Atalanta,35,2004/2005
Inter,76,2005/2006
Roma,69,2005/2006
Milan,58,2005/2006
Chievo,54,2005/2006
Palermo,52,2005/2006
Livorno,49,2005/2006
Parma,45,2005/2006
Empoli,45,2005/2006
Fiorentina,44,2005/2006
Ascoli,43,2005/2006
Udinese,43,2005/2006
Sampdoria,41,2005/2006
Reggina,41,2005/2006
Cagliari,39,2005/2006
Siena,39,2005/2006
Lazio,32,2005/2006
Messina,31,2005/2006
Lecce,29,2005/2006
Treviso,21,2005/2006
Juventus,91,2005/2006
Inter,97,2006/2007
Roma,75,2006/2007
Lazio,62,2006/2007
Milan,61,2006/2007
Palermo,58,2006/2007
Fiorentina,58,2006/2007
Empoli,54,2006/2007
Atalanta,50,2006/2007
Sampdoria,49,2006/2007
Udinese,46,2006/2007
Livorno,43,2006/2007
Parma,42,2006/2007
Catania,41,2006/2007
Reggina,40,2006/2007
Siena,40,2006/2007
Torino,40,2006/2007
Cagliari,40,2006/2007
Chievo,39,2006/2007
Ascoli,27,2006/2007
Messina,26,2006/2007
Inter,85,2007/2008
Roma,82,2007/2008
Juventus,72,2007/2008
Fiorentina,66,2007/2008
Milan,64,2007/2008
Sampdoria,60,2007/2008
Udinese,57,2007/2008
Napoli,50,2007/2008
Atalanta,48,2007/2008
Genoa,48,2007/2008
Palermo,47,2007/2008
Lazio,46,2007/2008
Siena,44,2007/2008
Cagliari,42,2007/2008
Torino,40,2007/2008
Reggina,40,2007/2008
Catania,37,2007/2008
Empoli,36,2007/2008
Parma,34,2007/2008
Livorno,30,2007/2008
Inter,84,2008/2009
Juventus,74,2008/2009
Milan,74,2008/2009
Fiorentina,68,2008/2009
Genoa,68,2008/2009
Roma,63,2008/2009
Udinese,58,2008/2009
Palermo,57,2008/2009
Cagliari,53,2008/2009
Lazio,50,2008/2009
Atalanta,47,2008/2009
Napoli,46,2008/2009
Sampdoria,46,2008/2009
Siena,44,2008/2009
Catania,43,2008/2009
Chievo,38,2008/2009
Bologna,37,2008/2009
Torino,34,2008/2009
Reggina,31,2008/2009
Lecce,30,2008/2009
Inter,82,2009/2010
Roma,80,2009/2010
Milan,70,2009/2010
Sampdoria,67,2009/2010
Palermo,65,2009/2010
Napoli,59,2009/2010
Juventus,55,2009/2010
Parma,52,2009/2010
Genoa,51,2009/2010
Bari,50,2009/2010
Fiorentina,47,2009/2010
Lazio,46,2009/2010
Catania,45,2009/2010
Chievo,44,2009/2010
Udinese,44,2009/2010
Cagliari,44,2009/2010
Bologna,42,2009/2010
Atalanta,35,2009/2010
Siena,31,2009/2010
Livorno,29,2009/2010
Milan,82,2010/2011
Inter,76,2010/2011
Napoli,70,2010/2011
Udinese,66,2010/2011
Lazio,66,2010/2011
Roma,63,2010/2011
Juventus,58,2010/2011
Palermo,56,2010/2011
Fiorentina,51,2010/2011
Genoa,51,2010/2011
Chievo,46,2010/2011
Parma,46,2010/2011
Catania,46,2010/2011
Cagliari,45,2010/2011
Cesena,43,2010/2011
Bologna,42,2010/2011
Lecce,41,2010/2011
Sampdoria,36,2010/2011
Brescia,32,2010/2011
Bari,24,2010/2011
Juventus,84,2011/2012
Milan,80,2011/2012
Udinese,64,2011/2012
Lazio,62,2011/2012
Napoli,61,2011/2012
Inter,58,2011/2012
Roma,56,2011/2012
Parma,56,2011/2012
Bologna,51,2011/2012
Chievo,49,2011/2012
Catania,48,2011/2012
Atalanta,46,2011/2012
Fiorentina,46,2011/2012
Siena,44,2011/2012
Cagliari,43,2011/2012
Palermo,43,2011/2012
Genoa,42,2011/2012
Lecce,36,2011/2012
Novara,32,2011/2012
Cesena,22,2011/2012
Juventus,87,2012/2013
Napoli,78,2012/2013
Milan,72,2012/2013
Fiorentina,70,2012/2013
Udinese,66,2012/2013
Roma,62,2012/2013
Lazio,61,2012/2013
Catania,56,2012/2013
Inter,54,2012/2013
Parma,49,2012/2013
Cagliari,47,2012/2013
Chievo,45,2012/2013
Bologna,44,2012/2013
Sampdoria,42,2012/2013
Atalanta,40,2012/2013
Torino,39,2012/2013
Genoa,38,2012/2013
Palermo,32,2012/2013
Siena,30,2012/2013
Pescara,22,2012/2013
Juventus,102,2013/2014
Roma,85,2013/2014
Napoli,78,2013/2014
Fiorentina,65,2013/2014
Inter,60,2013/2014
Parma,58,2013/2014
Torino,57,2013/2014
Milan,57,2013/2014
Lazio,56,2013/2014
Hellas Verona,54,2013/2014
Atalanta,50,2013/2014
Sampdoria,45,2013/2014
Udinese,44,2013/2014
Genoa,44,2013/2014
Cagliari,39,2013/2014
Chievo,36,2013/2014
Sassuolo,34,2013/2014
Catania,32,2013/2014
Bologna,29,2013/2014
Livorno,25,2013/2014
Juventus,87,2014/2015
Roma,70,2014/2015
Lazio,69,2014/2015
Fiorentina,64,2014/2015
Napoli,63,2014/2015
Genoa,59,2014/2015
Sampdoria,56,2014/2015
Inter,55,2014/2015
Torino,54,2014/2015
Milan,52,2014/2015
Palermo,49,2014/2015
Sassuolo,49,2014/2015
Hellas Verona,46,2014/2015
Chievo,43,2014/2015
Empoli,42,2014/2015
Udinese,41,2014/2015
Atalanta,37,2014/2015
Cagliari,34,2014/2015
Cesena,24,2014/2015
Parma,19,2014/2015
Juventus,91,2015/2016
Napoli,82,2015/2016
Roma,80,2015/2016
Inter,67,2015/2016
Fiorentina,64,2015/2016
Sassuolo,61,2015/2016
Milan,57,2015/2016
Lazio,54,2015/2016
Chievo,50,2015/2016
Empoli,46,2015/2016
Genoa,46,2015/2016
Torino,45,2015/2016
Atalanta,45,2015/2016
Bologna,42,2015/2016
Sampdoria,40,2015/2016
Palermo,39,2015/2016
Udinese,39,2015/2016
Carpi,38,2015/2016
Frosinone,31,2015/2016
Hellas Verona,28,2015/2016
Juventus,91,2016/2017
Roma,87,2016/2017
Napoli,86,2016/2017
Atalanta,72,2016/2017
Lazio,70,2016/2017
Milan,63,2016/2017
Inter,62,2016/2017
Fiorentina,60,2016/2017
Torino,53,2016/2017
Sampdoria,48,2016/2017
Cagliari,47,2016/2017
Sassuolo,46,2016/2017
Udinese,45,2016/2017
Chievo,43,2016/2017
Bologna,41,2016/2017
Genoa,36,2016/2017
Crotone,34,2016/2017
Empoli,32,2016/2017
Palermo,26,2016/2017
Pescara,18,2016/2017
Juventus,95,2017/2018
Napoli,91,2017/2018
Roma,77,2017/2018
Inter,72,2017/2018
Lazio,72,2017/2018
Milan,64,2017/2018
Atalanta,60,2017/2018
Fiorentina,57,2017/2018
Torino,54,2017/2018
Sampdoria,54,2017/2018
Sassuolo,43,2017/2018
Genoa,41,2017/2018
Chievo,40,2017/2018
Udinese,40,2017/2018
Bologna,39,2017/2018
Cagliari,39,2017/2018
SPAL,38,2017/2018
Crotone,35,2017/2018
Hellas Verona,25,2017/2018
Benevento,21,2017/2018
Juventus,90,2018/2019
Napoli,79,2018/2019
Atalanta,69,2018/2019
Inter,69,2018/2019
Milan,68,2018/2019
Roma,66,2018/2019
Torino,63,2018/2019
Lazio,59,2018/2019
Sampdoria,53,2018/2019
Bologna,44,2018/2019
Sassuolo,43,2018/2019
Udinese,43,2018/2019
SPAL,42,2018/2019
Parma,41,2018/2019
Cagliari,41,2018/2019
Fiorentina,41,2018/2019
Genoa,38,2018/2019
Empoli,38,2018/2019
Frosinone,25,2018/2019
Chievo,17,2018/2019
Juventus,83,2019/2020
Inter,82,2019/2020
Atalanta,78,2019/2020
Lazio,78,2019/2020
Roma,70,2019/2020
Milan,66,2019/2020
Napoli,62,2019/2020
Sassuolo,51,2019/2020
Hellas Verona,49,2019/2020
Fiorentina,49,2019/2020
Parma,49,2019/2020
Bologna,47,2019/2020
Udinese,45,2019/2020
Cagliari,45,2019/2020
Sampdoria,42,2019/2020
Torino,40,2019/2020
Genoa,39,2019/2020
Lecce,35,2019/2020
Brescia,25,2019/2020
SPAL,20,2019/2020
Inter,91,2020/2021
Milan,79,2020/2021
Atalanta,78,2020/2021
Juventus,78,2020/2021
Napoli,77,2020/2021
Lazio,68,2020/2021
Roma,62,2020/2021
Sassuolo,62,2020/2021
Sampdoria,52,2020/2021
Hellas Verona,45,2020/2021
Genoa,42,2020/2021
Bologna,41,2020/2021
Fiorentina,40,2020/2021
Udinese,40,2020/2021
Spezia,39,2020/2021
Cagliari,37,2020/2021
Torino,37,2020/2021
Benevento,33,2020/2021
Crotone,23,2020/2021
Parma,20,2020/2021
Milan,86,2021/2022
Inter,84,2021/2022
Napoli,79,2021/2022
Juventus,70,2021/2022
Lazio,64,2021/2022
Roma,63,2021/2022
Fiorentina,62,2021/2022
Atalanta,59,2021/2022
Hellas Verona,53,2021/2022
Torino,50,2021/2022
Sassuolo,50,2021/2022
Udinese,47,2021/2022
Bologna,46,2021/2022
Empoli,41,2021/2022
Sampdoria,36,2021/2022
Spezia,36,2021/2022
Salernitana,31,2021/2022
Cagliari,30,2021/2022
Genoa,28,2021/2022
Venezia,27,2021/2022
Auxerre,72,1995/1996
Paris S-G,68,1995/1996
Monaco,68,1995/1996
Metz,65,1995/1996
Lens,63,1995/1996
Montpellier,60,1995/1996
Nantes,55,1995/1996
Rennes,54,1995/1996
Strasbourg,54,1995/1996
Guingamp,53,1995/1996
Lyon,48,1995/1996
Nice,45,1995/1996
Le Havre,45,1995/1996
Cannes,44,1995/1996
Bastia,44,1995/1996
Bordeaux,42,1995/1996
Lille,39,1995/1996
Gueugnon,38,1995/1996
Saint-Étienne,34,1995/1996
Martigues,34,1995/1996
Monaco,79,1996/1997
Paris S-G,67,1996/1997
Nantes,64,1996/1997
Bordeaux,63,1996/1997
Metz,62,1996/1997
Auxerre,61,1996/1997
Bastia,61,1996/1997
Lyon,60,1996/1997
Strasbourg,60,1996/1997
Montpellier,51,1996/1997
Marseille,49,1996/1997
Guingamp,46,1996/1997
Lens,45,1996/1997
Le Havre,43,1996/1997
Cannes,41,1996/1997
Rennes,40,1996/1997
Caen,37,1996/1997
Nancy,37,1996/1997
Lille,35,1996/1997
Nice,23,1996/1997
Lens,68,1997/1998
Metz,68,1997/1998
Monaco,59,1997/1998
Marseille,57,1997/1998
Bordeaux,56,1997/1998
Lyon,53,1997/1998
Auxerre,51,1997/1998
Paris S-G,50,1997/1998
Bastia,50,1997/1998
Le Havre,44,1997/1998
Nantes,41,1997/1998
Montpellier,41,1997/1998
Strasbourg,37,1997/1998
Rennes,36,1997/1998
Toulouse,36,1997/1998
Guingamp,35,1997/1998
Châteauroux,31,1997/1998
Cannes,28,1997/1998
Bordeaux,72,1998/1999
Marseille,71,1998/1999
Lyon,63,1998/1999
Monaco,62,1998/1999
Rennes,59,1998/1999
Lens,49,1998/1999
Nantes,48,1998/1999
Montpellier,43,1998/1999
Paris S-G,39,1998/1999
Metz,39,1998/1999
Nancy,39,1998/1999
Strasbourg,38,1998/1999
Bastia,38,1998/1999
Auxerre,37,1998/1999
Le Havre,35,1998/1999
Lorient,35,1998/1999
Sochaux,33,1998/1999
Toulouse,29,1998/1999
Monaco,65,1999/2000
Paris S-G,58,1999/2000
Lyon,56,1999/2000
Bordeaux,54,1999/2000
Lens,49,1999/2000
Saint-Étienne,48,1999/2000
Sedan,48,1999/2000
Auxerre,47,1999/2000
Strasbourg,46,1999/2000
Bastia,45,1999/2000
Metz,44,1999/2000
Nantes,43,1999/2000
Rennes,43,1999/2000
Troyes,43,1999/2000
Marseille,42,1999/2000
Nancy,42,1999/2000
Le Havre,34,1999/2000
Montpellier,31,1999/2000
Nantes,68,2000/2001
Lyon,64,2000/2001
Lille,59,2000/2001
Bordeaux,57,2000/2001
Sedan,52,2000/2001
Rennes,50,2000/2001
Troyes,46,2000/2001
Bastia,45,2000/2001
Paris S-G,44,2000/2001
Guingamp,44,2000/2001
Monaco,43,2000/2001
Metz,42,2000/2001
Auxerre,41,2000/2001
Lens,40,2000/2001
Marseille,40,2000/2001
Toulouse,37,2000/2001
Saint-Étienne,34,2000/2001
Strasbourg,29,2000/2001
Lyon,66,2001/2002
Lens,64,2001/2002
Auxerre,59,2001/2002
Paris S-G,58,2001/2002
Lille,56,2001/2002
Bordeaux,50,2001/2002
Troyes,47,2001/2002
Sochaux,46,2001/2002
Marseille,44,2001/2002
Nantes,43,2001/2002
Bastia,41,2001/2002
Rennes,41,2001/2002
Montpellier,40,2001/2002
Sedan,39,2001/2002
Monaco,39,2001/2002
Guingamp,35,2001/2002
Metz,33,2001/2002
Lorient,31,2001/2002
Lyon,68,2002/2003
Monaco,67,2002/2003
Marseille,65,2002/2003
Bordeaux,64,2002/2003
Sochaux,64,2002/2003
Auxerre,64,2002/2003
Guingamp,62,2002/2003
Lens,57,2002/2003
Nantes,56,2002/2003
Nice,55,2002/2003
Paris S-G,54,2002/2003
Bastia,47,2002/2003
Strasbourg,45,2002/2003
Lille,42,2002/2003
Rennes,40,2002/2003
Montpellier,40,2002/2003
Ajaccio,39,2002/2003
Le Havre,38,2002/2003
Sedan,36,2002/2003
Troyes,31,2002/2003
Lyon,79,2003/2004
Paris S-G,76,2003/2004
Monaco,75,2003/2004
Auxerre,65,2003/2004
Sochaux,63,2003/2004
Nantes,60,2003/2004
Marseille,57,2003/2004
Lens,53,2003/2004
Rennes,52,2003/2004
Lille,51,2003/2004
Nice,50,2003/2004
Bordeaux,50,2003/2004
Strasbourg,43,2003/2004
Metz,42,2003/2004
Ajaccio,40,2003/2004
Toulouse,39,2003/2004
Bastia,39,2003/2004
Guingamp,38,2003/2004
Le Mans,38,2003/2004
Montpellier,31,2003/2004
Lyon,79,2004/2005
Lille,67,2004/2005
Monaco,63,2004/2005
Rennes,55,2004/2005
Marseille,55,2004/2005
Saint-Étienne,53,2004/2005
Lens,52,2004/2005
Auxerre,52,2004/2005
Paris S-G,51,2004/2005
Sochaux,50,2004/2005
Strasbourg,48,2004/2005
Nice,46,2004/2005
Toulouse,46,2004/2005
Ajaccio,45,2004/2005
Bordeaux,44,2004/2005
Metz,44,2004/2005
Nantes,43,2004/2005
Caen,42,2004/2005
Bastia,41,2004/2005
Istres,32,2004/2005
Lyon,84,2005/2006
Bordeaux,69,2005/2006
Lille,62,2005/2006
Lens,60,2005/2006
Marseille,60,2005/2006
Auxerre,59,2005/2006
Rennes,59,2005/2006
Nice,58,2005/2006
Paris S-G,52,2005/2006
Monaco,52,2005/2006
Le Mans,52,2005/2006
Nancy,48,2005/2006
Saint-Étienne,47,2005/2006
Nantes,45,2005/2006
Sochaux,44,2005/2006
Toulouse,41,2005/2006
Troyes,39,2005/2006
Ajaccio,33,2005/2006
Strasbourg,29,2005/2006
Metz,29,2005/2006
Lyon,81,2006/2007
Marseille,64,2006/2007
Toulouse,58,2006/2007
Rennes,57,2006/2007
Lens,57,2006/2007
Bordeaux,57,2006/2007
Sochaux,57,2006/2007
Auxerre,54,2006/2007
Monaco,51,2006/2007
Lille,50,2006/2007
Saint-Étienne,49,2006/2007
Le Mans,49,2006/2007
Nancy,49,2006/2007
Lorient,49,2006/2007
Paris S-G,48,2006/2007
Nice,43,2006/2007
Valenciennes,43,2006/2007
Troyes,39,2006/2007
Sedan,35,2006/2007
Nantes,34,2006/2007
Lyon,79,2007/2008
Bordeaux,75,2007/2008
Marseille,62,2007/2008
Nancy,60,2007/2008
Saint-Étienne,58,2007/2008
Rennes,58,2007/2008
Lille,57,2007/2008
Nice,55,2007/2008
Le Mans,53,2007/2008
Lorient,52,2007/2008
Caen,51,2007/2008
Monaco,47,2007/2008
Valenciennes,45,2007/2008
Sochaux,44,2007/2008
Auxerre,44,2007/2008
Paris S-G,43,2007/2008
Toulouse,42,2007/2008
Lens,40,2007/2008
Strasbourg,35,2007/2008
Metz,24,2007/2008
Bordeaux,80,2008/2009
Marseille,77,2008/2009
Lyon,71,2008/2009
Toulouse,64,2008/2009
Lille,64,2008/2009
Paris S-G,64,2008/2009
Rennes,61,2008/2009
Auxerre,55,2008/2009
Nice,50,2008/2009
Lorient,45,2008/2009
Monaco,45,2008/2009
Valenciennes,44,2008/2009
Grenoble,44,2008/2009
Sochaux,42,2008/2009
Nancy,42,2008/2009
Le Mans,40,2008/2009
Saint-Étienne,40,2008/2009
Caen,37,2008/2009
Nantes,37,2008/2009
Le Havre,26,2008/2009
Marseille,78,2009/2010
Lyon,72,2009/2010
Auxerre,71,2009/2010
Lille,70,2009/2010
Montpellier,69,2009/2010
Bordeaux,64,2009/2010
Lorient,58,2009/2010
Monaco,55,2009/2010
Rennes,53,2009/2010
Valenciennes,52,2009/2010
Lens,48,2009/2010
Nancy,48,2009/2010
Paris S-G,47,2009/2010
Toulouse,47,2009/2010
Nice,44,2009/2010
Sochaux,41,2009/2010
Saint-Étienne,40,2009/2010
Le Mans,32,2009/2010
Boulogne,31,2009/2010
Grenoble,23,2009/2010
Lille,76,2010/2011
Marseille,68,2010/2011
Lyon,64,2010/2011
Paris S-G,60,2010/2011
Sochaux,58,2010/2011
Rennes,56,2010/2011
Bordeaux,51,2010/2011
Toulouse,50,2010/2011
Auxerre,49,2010/2011
Saint-Étienne,49,2010/2011
Lorient,49,2010/2011
Valenciennes,48,2010/2011
Nancy,48,2010/2011
Montpellier,47,2010/2011
Caen,46,2010/2011
Brest,46,2010/2011
Nice,46,2010/2011
Monaco,44,2010/2011
Lens,35,2010/2011
Arles-Avignon,20,2010/2011
Montpellier,82,2011/2012
Paris S-G,79,2011/2012
Lille,74,2011/2012
Lyon,64,2011/2012
Bordeaux,61,2011/2012
Rennes,60,2011/2012
Saint-Étienne,57,2011/2012
Toulouse,56,2011/2012
Evian,50,2011/2012
Marseille,48,2011/2012
Nancy,45,2011/2012
Valenciennes,43,2011/2012
Nice,42,2011/2012
Sochaux,42,2011/2012
Brest,41,2011/2012
Ajaccio,41,2011/2012
Lorient,39,2011/2012
Caen,38,2011/2012
Dijon,36,2011/2012
Auxerre,34,2011/2012
Paris S-G,83,2012/2013
Marseille,71,2012/2013
Lyon,67,2012/2013
Nice,64,2012/2013
Saint-Étienne,63,2012/2013
Lille,62,2012/2013
Bordeaux,55,2012/2013
Lorient,53,2012/2013
Montpellier,52,2012/2013
Toulouse,51,2012/2013
Valenciennes,48,2012/2013
Bastia,47,2012/2013
Rennes,46,2012/2013
Reims,43,2012/2013
Sochaux,41,2012/2013
Evian,40,2012/2013
Ajaccio,40,2012/2013
Nancy,38,2012/2013
Troyes,37,2012/2013
Brest,29,2012/2013
Paris S-G,89,2013/2014
Monaco,80,2013/2014
Lille,71,2013/2014
Saint-Étienne,69,2013/2014
Lyon,61,2013/2014
Marseille,60,2013/2014
Bordeaux,53,2013/2014
Lorient,49,2013/2014
Toulouse,49,2013/2014
Bastia,49,2013/2014
Reims,48,2013/2014
Rennes,46,2013/2014
Nantes,46,2013/2014
Evian,44,2013/2014
Montpellier,42,2013/2014
Guingamp,42,2013/2014
Nice,42,2013/2014
Sochaux,40,2013/2014
Valenciennes,29,2013/2014
Ajaccio,23,2013/2014
Paris S-G,83,2014/2015
Lyon,75,2014/2015
Monaco,71,2014/2015
Marseille,69,2014/2015
Saint-Étienne,69,2014/2015
Bordeaux,63,2014/2015
Montpellier,56,2014/2015
Lille,56,2014/2015
Rennes,50,2014/2015
Guingamp,49,2014/2015
Nice,48,2014/2015
Bastia,47,2014/2015
Caen,46,2014/2015
Nantes,45,2014/2015
Reims,44,2014/2015
Lorient,43,2014/2015
Toulouse,42,2014/2015
Evian,37,2014/2015
Metz,30,2014/2015
Lens,29,2014/2015
Paris S-G,96,2015/2016
Lyon,65,2015/2016
Monaco,65,2015/2016
Nice,63,2015/2016
Lille,60,2015/2016
Saint-Étienne,58,2015/2016
Caen,54,2015/2016
Rennes,52,2015/2016
Angers,50,2015/2016
Bastia,50,2015/2016
Bordeaux,50,2015/2016
Montpellier,49,2015/2016
Marseille,48,2015/2016
Nantes,48,2015/2016
Lorient,46,2015/2016
Guingamp,44,2015/2016
Toulouse,40,2015/2016
Reims,39,2015/2016
Gazélec Ajaccio,37,2015/2016
Troyes,18,2015/2016
Monaco,95,2016/2017
Paris S-G,87,2016/2017
Nice,78,2016/2017
Lyon,67,2016/2017
Marseille,62,2016/2017
Bordeaux,59,2016/2017
Nantes,51,2016/2017
Saint-Étienne,50,2016/2017
Rennes,50,2016/2017
Guingamp,50,2016/2017
Lille,46,2016/2017
Angers,46,2016/2017
Toulouse,44,2016/2017
Metz,43,2016/2017
Montpellier,39,2016/2017
Dijon,37,2016/2017
Caen,37,2016/2017
Lorient,36,2016/2017
Nancy,35,2016/2017
Bastia,34,2016/2017
Paris S-G,93,2017/2018
Monaco,80,2017/2018
Lyon,78,2017/2018
Marseille,77,2017/2018
Rennes,58,2017/2018
Bordeaux,55,2017/2018
Saint-Étienne,55,2017/2018
Nice,54,2017/2018
Nantes,52,2017/2018
Montpellier,51,2017/2018
Dijon,48,2017/2018
Guingamp,47,2017/2018
Amiens,45,2017/2018
Angers,41,2017/2018
Strasbourg,38,2017/2018
Caen,38,2017/2018
Lille,38,2017/2018
Toulouse,37,2017/2018
Troyes,33,2017/2018
Metz,26,2017/2018
Paris S-G,91,2018/2019
Lille,75,2018/2019
Lyon,72,2018/2019
Saint-Étienne,66,2018/2019
Marseille,61,2018/2019
Montpellier,59,2018/2019
Nice,56,2018/2019
Reims,55,2018/2019
Nîmes,53,2018/2019
Rennes,52,2018/2019
Strasbourg,49,2018/2019
Nantes,48,2018/2019
Angers,46,2018/2019
Bordeaux,41,2018/2019
Amiens,38,2018/2019
Toulouse,38,2018/2019
Monaco,36,2018/2019
Dijon,34,2018/2019
Caen,33,2018/2019
Guingamp,27,2018/2019
Paris S-G,68,2019/2020
Marseille,56,2019/2020
Rennes,50,2019/2020
Lille,49,2019/2020
Nice,41,2019/2020
Reims,41,2019/2020
Lyon,40,2019/2020
Montpellier,40,2019/2020
Monaco,40,2019/2020
Strasbourg,38,2019/2020
Angers,39,2019/2020
Bordeaux,37,2019/2020
Nantes,37,2019/2020
Brest,34,2019/2020
Metz,34,2019/2020
Dijon,30,2019/2020
Saint-Étienne,30,2019/2020
Nîmes,27,2019/2020
Amiens,23,2019/2020
Toulouse,13,2019/2020
Lille,83,2020/2021
Paris S-G,82,2020/2021
Monaco,78,2020/2021
Lyon,76,2020/2021
Marseille,60,2020/2021
Rennes,58,2020/2021
Lens,57,2020/2021
Montpellier,54,2020/2021
Nice,52,2020/2021
Metz,47,2020/2021
Saint-Étienne,46,2020/2021
Bordeaux,45,2020/2021
Angers,44,2020/2021
Reims,42,2020/2021
Strasbourg,42,2020/2021
Lorient,42,2020/2021
Brest,41,2020/2021
Nantes,40,2020/2021
Nîmes,35,2020/2021
Dijon,21,2020/2021
Paris S-G,86,2021/2022
Marseille,71,2021/2022
Monaco,69,2021/2022
Rennes,66,2021/2022
Nice,66,2021/2022
Strasbourg,63,2021/2022
Lens,62,2021/2022
Lyon,61,2021/2022
Nantes,55,2021/2022
Lille,55,2021/2022
Brest,48,2021/2022
Reims,46,2021/2022
Montpellier,43,2021/2022
Angers,41,2021/2022
Troyes,38,2021/2022
Lorient,36,2021/2022
Clermont Foot,36,2021/2022
Saint-Étienne,32,2021/2022
Metz,31,2021/2022
Bordeaux,31,2021/2022
Dortmund,68,1995/1996
Bayern Munich,62,1995/1996
Schalke 04,56,1995/1996
M'Gladbach,53,1995/1996
Hamburger SV,50,1995/1996
Hansa Rostock,49,1995/1996
Karlsruher,48,1995/1996
1860 Munich,45,1995/1996
Werder Bremen,44,1995/1996
Stuttgart,43,1995/1996
Freiburg,42,1995/1996
Köln,40,1995/1996
Düsseldorf,40,1995/1996
Leverkusen,38,1995/1996
St. Pauli,38,1995/1996
Kaiserslautern,36,1995/1996
Eint Frankfurt,32,1995/1996
Uerdingen,26,1995/1996
Bayern Munich,71,1996/1997
Leverkusen,69,1996/1997
Dortmund,63,1996/1997
Stuttgart,61,1996/1997
Bochum,53,1996/1997
Karlsruher,49,1996/1997
1860 Munich,49,1996/1997
Werder Bremen,48,1996/1997
MSV Duisburg,45,1996/1997
Köln,44,1996/1997
M'Gladbach,43,1996/1997
Schalke 04,43,1996/1997
Hamburger SV,41,1996/1997
Arminia,40,1996/1997
Hansa Rostock,40,1996/1997
Düsseldorf,33,1996/1997
Freiburg,29,1996/1997
St. Pauli,27,1996/1997
Kaiserslautern,68,1997/1998
Bayern Munich,66,1997/1998
Leverkusen,55,1997/1998
Stuttgart,52,1997/1998
Schalke 04,52,1997/1998
Hansa Rostock,51,1997/1998
Werder Bremen,50,1997/1998
MSV Duisburg,44,1997/1998
Hamburger SV,44,1997/1998
Dortmund,43,1997/1998
Hertha BSC,43,1997/1998
Bochum,41,1997/1998
1860 Munich,41,1997/1998
Wolfsburg,39,1997/1998
M'Gladbach,38,1997/1998
Karlsruher,38,1997/1998
Köln,36,1997/1998
Arminia,32,1997/1998
Bayern Munich,78,1998/1999
Leverkusen,63,1998/1999
Hertha BSC,62,1998/1999
Dortmund,57,1998/1999
Kaiserslautern,57,1998/1999
Wolfsburg,55,1998/1999
Hamburger SV,50,1998/1999
MSV Duisburg,49,1998/1999
1860 Munich,41,1998/1999
Schalke 04,41,1998/1999
Stuttgart,39,1998/1999
Freiburg,39,1998/1999
Werder Bremen,38,1998/1999
Hansa Rostock,38,1998/1999
Eint Frankfurt,37,1998/1999
Nürnberg,37,1998/1999
Bochum,29,1998/1999
M'Gladbach,21,1998/1999
Bayern Munich,73,1999/2000
Leverkusen,73,1999/2000
Hamburger SV,59,1999/2000
1860 Munich,53,1999/2000
Kaiserslautern,50,1999/2000
Hertha BSC,50,1999/2000
Wolfsburg,49,1999/2000
Stuttgart,48,1999/2000
Werder Bremen,47,1999/2000
Unterhaching,44,1999/2000
Dortmund,40,1999/2000
Freiburg,40,1999/2000
Schalke 04,39,1999/2000
Eint Frankfurt,39,1999/2000
Hansa Rostock,38,1999/2000
Ulm,35,1999/2000
Arminia,30,1999/2000
MSV Duisburg,22,1999/2000
Bayern Munich,63,2000/2001
Schalke 04,62,2000/2001
Dortmund,58,2000/2001
Leverkusen,57,2000/2001
Hertha BSC,56,2000/2001
Freiburg,55,2000/2001
Werder Bremen,53,2000/2001
Kaiserslautern,50,2000/2001
Wolfsburg,47,2000/2001
Köln,46,2000/2001
1860 Munich,44,2000/2001
Hansa Rostock,43,2000/2001
Hamburger SV,41,2000/2001
Energie Cottbus,39,2000/2001
Stuttgart,38,2000/2001
Unterhaching,35,2000/2001
Eint Frankfurt,35,2000/2001
Bochum,27,2000/2001
Dortmund,70,2001/2002
Leverkusen,69,2001/2002
Bayern Munich,68,2001/2002
Hertha BSC,61,2001/2002
Schalke 04,61,2001/2002
Werder Bremen,56,2001/2002
Kaiserslautern,56,2001/2002
Stuttgart,50,2001/2002
1860 Munich,50,2001/2002
Wolfsburg,46,2001/2002
Hamburger SV,40,2001/2002
M'Gladbach,39,2001/2002
Energie Cottbus,35,2001/2002
Hansa Rostock,34,2001/2002
Nürnberg,34,2001/2002
Freiburg,30,2001/2002
Köln,29,2001/2002
St. Pauli,22,2001/2002
Bayern Munich,75,2002/2003
Stuttgart,59,2002/2003
Dortmund,58,2002/2003
Hamburger SV,56,2002/2003
Hertha BSC,54,2002/2003
Werder Bremen,52,2002/2003
Schalke 04,49,2002/2003
Wolfsburg,46,2002/2003
Bochum,45,2002/2003
1860 Munich,45,2002/2003
Hannover 96,43,2002/2003
M'Gladbach,42,2002/2003
Hansa Rostock,41,2002/2003
Kaiserslautern,40,2002/2003
Leverkusen,40,2002/2003
Arminia,36,2002/2003
Nürnberg,30,2002/2003
Energie Cottbus,30,2002/2003
Werder Bremen,74,2003/2004
Bayern Munich,68,2003/2004
Leverkusen,65,2003/2004
Stuttgart,64,2003/2004
Bochum,56,2003/2004
Dortmund,55,2003/2004
Schalke 04,50,2003/2004
Hamburger SV,49,2003/2004
Hansa Rostock,44,2003/2004
Wolfsburg,42,2003/2004
M'Gladbach,39,2003/2004
Hertha BSC,39,2003/2004
Freiburg,38,2003/2004
Hannover 96,37,2003/2004
Kaiserslautern,36,2003/2004
Eint Frankfurt,32,2003/2004
1860 Munich,32,2003/2004
Köln,23,2003/2004
Bayern Munich,77,2004/2005
Schalke 04,63,2004/2005
Werder Bremen,59,2004/2005
Hertha BSC,58,2004/2005
Stuttgart,58,2004/2005
Leverkusen,57,2004/2005
Dortmund,55,2004/2005
Hamburger SV,51,2004/2005
Wolfsburg,48,2004/2005
Hannover 96,45,2004/2005
Mainz 05,43,2004/2005
Kaiserslautern,42,2004/2005
Arminia,40,2004/2005
Nürnberg,38,2004/2005
M'Gladbach,36,2004/2005
Bochum,35,2004/2005
Hansa Rostock,30,2004/2005
Freiburg,18,2004/2005
Bayern Munich,75,2005/2006
Werder Bremen,70,2005/2006
Hamburger SV,68,2005/2006
Schalke 04,61,2005/2006
Leverkusen,52,2005/2006
Hertha BSC,48,2005/2006
Dortmund,46,2005/2006
Nürnberg,44,2005/2006
Stuttgart,43,2005/2006
M'Gladbach,42,2005/2006
Mainz 05,38,2005/2006
Hannover 96,38,2005/2006
Arminia,37,2005/2006
Eint Frankfurt,36,2005/2006
Wolfsburg,34,2005/2006
Kaiserslautern,33,2005/2006
Köln,30,2005/2006
MSV Duisburg,27,2005/2006
Stuttgart,70,2006/2007
Schalke 04,68,2006/2007
Werder Bremen,66,2006/2007
Bayern Munich,60,2006/2007
Leverkusen,51,2006/2007
Nürnberg,48,2006/2007
Hamburger SV,45,2006/2007
Bochum,45,2006/2007
Dortmund,44,2006/2007
Hertha BSC,44,2006/2007
Hannover 96,44,2006/2007
Arminia,42,2006/2007
Energie Cottbus,41,2006/2007
Eint Frankfurt,40,2006/2007
Wolfsburg,37,2006/2007
Mainz 05,34,2006/2007
AA Aachen,34,2006/2007
M'Gladbach,26,2006/2007
Bayern Munich,76,2007/2008
Werder Bremen,66,2007/2008
Schalke 04,64,2007/2008
Hamburger SV,54,2007/2008
Wolfsburg,54,2007/2008
Stuttgart,52,2007/2008
Leverkusen,51,2007/2008
Hannover 96,49,2007/2008
Eint Frankfurt,46,2007/2008
Hertha BSC,44,2007/2008
Karlsruher,43,2007/2008
Bochum,41,2007/2008
Dortmund,40,2007/2008
Energie Cottbus,36,2007/2008
Arminia,34,2007/2008
Nürnberg,31,2007/2008
Hansa Rostock,30,2007/2008
MSV Duisburg,29,2007/2008
Wolfsburg,69,2008/2009
Bayern Munich,67,2008/2009
Stuttgart,64,2008/2009
Hertha BSC,63,2008/2009
Hamburger SV,61,2008/2009
Dortmund,59,2008/2009
Hoffenheim,55,2008/2009
Schalke 04,50,2008/2009
Leverkusen,49,2008/2009
Werder Bremen,45,2008/2009
Hannover 96,40,2008/2009
Köln,39,2008/2009
Eint Frankfurt,33,2008/2009
Bochum,32,2008/2009
M'Gladbach,31,2008/2009
Energie Cottbus,30,2008/2009
Karlsruher,29,2008/2009
Arminia,28,2008/2009
Bayern Munich,70,2009/2010
Schalke 04,65,2009/2010
Werder Bremen,61,2009/2010
Leverkusen,59,2009/2010
Dortmund,57,2009/2010
Stuttgart,55,2009/2010
Hamburger SV,52,2009/2010
Wolfsburg,50,2009/2010
Mainz 05,47,2009/2010
Eint Frankfurt,46,2009/2010
Hoffenheim,42,2009/2010
M'Gladbach,39,2009/2010
Köln,38,2009/2010
Freiburg,35,2009/2010
Hannover 96,33,2009/2010
Nürnberg,31,2009/2010
Bochum,28,2009/2010
Hertha BSC,24,2009/2010
Dortmund,75,2010/2011
Leverkusen,68,2010/2011
Bayern Munich,65,2010/2011
Hannover 96,60,2010/2011
Mainz 05,58,2010/2011
Nürnberg,47,2010/2011
Kaiserslautern,46,2010/2011
Hamburger SV,45,2010/2011
Freiburg,44,2010/2011
Köln,44,2010/2011
Hoffenheim,43,2010/2011
Stuttgart,42,2010/2011
Werder Bremen,41,2010/2011
Schalke 04,40,2010/2011
Wolfsburg,38,2010/2011
M'Gladbach,36,2010/2011
Eint Frankfurt,34,2010/2011
St. Pauli,29,2010/2011
Dortmund,81,2011/2012
Bayern Munich,73,2011/2012
Schalke 04,64,2011/2012
M'Gladbach,60,2011/2012
Leverkusen,54,2011/2012
Stuttgart,53,2011/2012
Hannover 96,48,2011/2012
Wolfsburg,44,2011/2012
Werder Bremen,42,2011/2012
Nürnberg,42,2011/2012
Hoffenheim,41,2011/2012
Freiburg,40,2011/2012
Mainz 05,39,2011/2012
Augsburg,38,2011/2012
Hamburger SV,36,2011/2012
Hertha BSC,31,2011/2012
Köln,30,2011/2012
Kaiserslautern,23,2011/2012
Bayern Munich,91,2012/2013
Dortmund,66,2012/2013
Leverkusen,65,2012/2013
Schalke 04,55,2012/2013
Freiburg,51,2012/2013
Eint Frankfurt,51,2012/2013
Hamburger SV,48,2012/2013
M'Gladbach,47,2012/2013
Hannover 96,45,2012/2013
Nürnberg,44,2012/2013
Wolfsburg,43,2012/2013
Stuttgart,43,2012/2013
Mainz 05,42,2012/2013
Werder Bremen,34,2012/2013
Augsburg,33,2012/2013
Hoffenheim,31,2012/2013
Düsseldorf,30,2012/2013
Greuther Fürth,21,2012/2013
Bayern Munich,90,2013/2014
Dortmund,71,2013/2014
Schalke 04,64,2013/2014
Leverkusen,61,2013/2014
Wolfsburg,60,2013/2014
M'Gladbach,55,2013/2014
Mainz 05,53,2013/2014
Augsburg,52,2013/2014
Hoffenheim,44,2013/2014
Hannover 96,42,2013/2014
Hertha BSC,41,2013/2014
Werder Bremen,39,2013/2014
Eint Frankfurt,36,2013/2014
Freiburg,36,2013/2014
Stuttgart,32,2013/2014
Hamburger SV,27,2013/2014
Nürnberg,26,2013/2014
Braunschweig,25,2013/2014
Bayern Munich,79,2014/2015
Wolfsburg,69,2014/2015
M'Gladbach,66,2014/2015
Leverkusen,61,2014/2015
Augsburg,49,2014/2015
Schalke 04,48,2014/2015
Dortmund,46,2014/2015
Hoffenheim,44,2014/2015
Eint Frankfurt,43,2014/2015
Werder Bremen,43,2014/2015
Mainz 05,40,2014/2015
Köln,40,2014/2015
Hannover 96,37,2014/2015
Stuttgart,36,2014/2015
Hertha BSC,35,2014/2015
Hamburger SV,35,2014/2015
Freiburg,34,2014/2015
Paderborn 07,31,2014/2015
Bayern Munich,88,2015/2016
Dortmund,78,2015/2016
Leverkusen,60,2015/2016
M'Gladbach,55,2015/2016
Schalke 04,52,2015/2016
Mainz 05,50,2015/2016
Hertha BSC,50,2015/2016
Wolfsburg,45,2015/2016
Köln,43,2015/2016
Hamburger SV,41,2015/2016
Ingolstadt 04,40,2015/2016
Augsburg,38,2015/2016
Werder Bremen,38,2015/2016
Darmstadt 98,38,2015/2016
Hoffenheim,37,2015/2016
Eint Frankfurt,36,2015/2016
Stuttgart,33,2015/2016
Hannover 96,25,2015/2016
Bayern Munich,82,2016/2017
RB Leipzig,67,2016/2017
Dortmund,64,2016/2017
Hoffenheim,62,2016/2017
Köln,49,2016/2017
Hertha BSC,49,2016/2017
Freiburg,48,2016/2017
Werder Bremen,45,2016/2017
M'Gladbach,45,2016/2017
Schalke 04,43,2016/2017
Eint Frankfurt,42,2016/2017
Leverkusen,41,2016/2017
Augsburg,38,2016/2017
Hamburger SV,38,2016/2017
Mainz 05,37,2016/2017
Wolfsburg,37,2016/2017
Ingolstadt 04,32,2016/2017
Darmstadt 98,25,2016/2017
Bayern Munich,84,2017/2018
Schalke 04,63,2017/2018
Hoffenheim,55,2017/2018
Dortmund,55,2017/2018
Leverkusen,55,2017/2018
RB Leipzig,53,2017/2018
Stuttgart,51,2017/2018
Eint Frankfurt,49,2017/2018
M'Gladbach,47,2017/2018
Hertha BSC,43,2017/2018
Werder Bremen,42,2017/2018
Augsburg,41,2017/2018
Hannover 96,39,2017/2018
Mainz 05,36,2017/2018
Freiburg,36,2017/2018
Wolfsburg,33,2017/2018
Hamburger SV,31,2017/2018
Köln,22,2017/2018
Bayern Munich,78,2018/2019
Dortmund,76,2018/2019
RB Leipzig,66,2018/2019
Leverkusen,58,2018/2019
M'Gladbach,55,2018/2019
Wolfsburg,55,2018/2019
Eint Frankfurt,54,2018/2019
Werder Bremen,53,2018/2019
Hoffenheim,51,2018/2019
Düsseldorf,44,2018/2019
Hertha BSC,43,2018/2019
Mainz 05,43,2018/2019
Freiburg,36,2018/2019
Schalke 04,33,2018/2019
Augsburg,32,2018/2019
Stuttgart,28,2018/2019
Hannover 96,21,2018/2019
Nürnberg,19,2018/2019
Bayern Munich,82,2019/2020
Dortmund,69,2019/2020
RB Leipzig,66,2019/2020
M'Gladbach,65,2019/2020
Leverkusen,63,2019/2020
Hoffenheim,52,2019/2020
Wolfsburg,49,2019/2020
Freiburg,48,2019/2020
Eint Frankfurt,45,2019/2020
Hertha BSC,41,2019/2020
Union Berlin,41,2019/2020
Schalke 04,39,2019/2020
Mainz 05,37,2019/2020
Köln,36,2019/2020
Augsburg,36,2019/2020
Werder Bremen,31,2019/2020
Düsseldorf,30,2019/2020
Paderborn 07,20,2019/2020
Bayern Munich,78,2020/2021
RB Leipzig,65,2020/2021
Dortmund,64,2020/2021
Wolfsburg,61,2020/2021
Eint Frankfurt,60,2020/2021
Leverkusen,52,2020/2021
Union Berlin,50,2020/2021
M'Gladbach,49,2020/2021
Stuttgart,45,2020/2021
Freiburg,45,2020/2021
Hoffenheim,43,2020/2021
Mainz 05,39,2020/2021
Augsburg,36,2020/2021
Hertha BSC,35,2020/2021
Arminia,35,2020/2021
Köln,33,2020/2021
Werder Bremen,31,2020/2021
Schalke 04,16,2020/2021
Bayern Munich,77,2021/2022
Dortmund,69,2021/2022
Leverkusen,64,2021/2022
RB Leipzig,58,2021/2022
Union Berlin,57,2021/2022
Freiburg,55,2021/2022
Köln,52,2021/2022
Mainz 05,46,2021/2022
Hoffenheim,46,2021/2022
M'Gladbach,45,2021/2022
Eint Frankfurt,42,2021/2022
Wolfsburg,42,2021/2022
Bochum,42,2021/2022
Augsburg,38,2021/2022
Stuttgart,33,2021/2022
Hertha BSC,33,2021/2022
Arminia,28,2021/2022
Greuther Fürth,18,2021/2022
